line_num,text,issue,corrected_text
8,"Swenson originally attempted the route in 2001 with George Lowe, Joe Terravecchia, Steve Larson, Andy Tuthill and Eric Winkleman.",no significant OCR errors detected,"Swenson originally attempted the route in 2001 with George Lowe, Joe Terravecchia, Steve Larson, Andy Tuthill, and Eric Winkleman."
56,"Even so, the nature of the climbing gave the team little confidence in their ability to reach the summit, though it loomed just overhead.",no significant OCR errors detected,"Even so, the nature of the climbing gave the team little confidence in their ability to reach the summit, though it loomed just overhead."
67,"Finally, it is important to note that the expedition was undertaken adhering to strict environmental standards, deep respect for the communities of the Karakoram, and that the carbon footprint incurred by the expedition has been calculated and will be offset with the help of Protect Our Winters.",possible OCR: missing preposition and sentence structure degradation,"Finally, it is important to note that the expedition was undertaken adhering to strict environmental standards, with deep respect for the communities of the Karakoram, and that the carbon footprint incurred by the expedition has been calculated and will be offset with the help of Protect Our Winters."
69,The team would like to first and foremost thank their families and friends for supporting them in the endeavour to climb this peak.,no significant OCR errors detected,The team would like to first and foremost thank their families and friends for supporting them in the endeavour to climb this peak.
96,The rest of the range is almost completely neglected despite being full of tempting possibilities.,possible OCR: minor punctuation degradation,"The rest of the range is almost completely neglected, despite being full of tempting possibilities."
103,We flew onto the North Baird glacier from the fishing village of Petersburg on 30 April.,possible OCR: minor capitalization inconsistency,We flew onto the North Baird Glacier from the fishing village of Petersburg on 30 April.
120,The sun was now rising quickly in the sky and the stability of the slope was about to deteriorate fast.,possible OCR: minor punctuation insertion,"The sun was now rising quickly in the sky, and the stability of the slope was about to deteriorate fast."
143,Mount Phillips,no significant OCR errors detected,Mount Phillips
146,Conditions were challenging: few routes were in nick and just surviving on the hill was a challenge in itself.,possible OCR: minor punctuation omission,"Conditions were challenging: few routes were in nick, and just surviving on the hill was a challenge in itself."
164,I'd recently come across John Scurlock’s beautiful image of the north side of Mount Phillips in the Canadian Rockies on the Internet.,possible OCR: minor contraction and punctuation normalization,I’d recently come across John Scurlock’s beautiful image of the north side of Mount Phillips in the Canadian Rockies on the Internet.
165,"A quick Google search revealed that Mount Phillips was a 3,246m peak just to the north of Mount Robson.",possible OCR: minor spacing normalization in metric unit formatting,"A quick Google search revealed that Mount Phillips was a 3,246 m peak just to the north of Mount Robson."
166,"Even better, Phillips’ 600m north face appeared to be unclimbed.",possible OCR: minor metric spacing normalization,"Even better, Phillips’ 600 m north face appeared to be unclimbed."
167,The sharp-cut north spur dividing the north-east and north-west faces of the mountain was a compelling feature that simply had to be climbed.,no significant OCR errors detected,The sharp-cut north spur dividing the north-east and north-west faces of the mountain was a compelling feature that simply had to be climbed.
172,Scree and snow slopes led to a comfortable bivouac on the right flank of the Phillips glacier.,possible OCR: minor capitalization normalization,Scree and snow slopes led to a comfortable bivouac on the right flank of the Phillips Glacier.
186,The avalanches will stop once the snowpack has had time to stabilise and adjust to the warming.',possible OCR: minor punctuation and quotation-mark removal,The avalanches will stop once the snowpack has had time to stabilise and adjust to the warming.
191,I marvelled at his skill placing knife blades.,possible OCR: minor punctuation omission and clause clarity,I marvelled at his skill placing knife blades.
198,Steep and jagged peaks stretched all the way to the horizon holding countless possibilities for more adventures to come.,possible OCR: minor punctuation omission,"Steep and jagged peaks stretched all the way to the horizon, holding countless possibilities for more adventures to come."
204,The avalanches will stop once the snowpack has had time to stabilise and adjust to the warming.,no significant OCR errors detected,The avalanches will stop once the snowpack has had time to stabilise and adjust to the warming.
213,"Don and Phyllis Munday’s pioneering route up Waddington climbed the lower 3.5km of the west ridge to 3,300m and then followed the natural line of weakness up the Angel glacier to the north-west summit.","possible OCR: minor spacing, capitalization, and metric formatting normalization","Don and Phyllis Munday’s pioneering route up Waddington climbed the lower 3.5 km of the west ridge to 3,300 m and then followed the natural line of weakness up the Angel Glacier to the north-west summit."
215,"Unfortunately the Mundays did not have the firepower to continue to the main summit, which had to wait until 1936 when Bill House and Fritz Wiessner summited via the south-west face.",possible OCR: minor punctuation and hyphenation normalization,"Unfortunately, the Mundays did not have the firepower to continue to the main summit, which had to wait until 1936 when Bill House and Fritz Wiessner summited via the south-west face."
219,"Two weeks after our ascent of Mount Phillips, the rain stopped, the clouds cleared and the weather was finally good enough for Waddington.",possible OCR: minor punctuation normalization,"Two weeks after our ascent of Mount Phillips, the rain stopped, the clouds cleared, and the weather was finally good enough for Waddington."
228,Next day we traversed over the two Men-At-Arms summits and followed a spectacular corniced ridge over Bodyguard and Councillor peaks.,possible OCR: minor hyphenation and capitalization normalization,Next day we traversed over the two Men-at-Arms summits and followed a spectacular corniced ridge over Bodyguard and Councillor peaks.
243,Day four was another beautiful day but we were nearly turned back on the Summit Tower due to falling rime ice.,possible OCR: minor punctuation insertion,"Day four was another beautiful day, but we were nearly turned back on the Summit Tower due to falling rime ice."
263,"First ascent of North Spur, Mount Phillips (3246m), Canadian Rockies.",possible OCR: minor formatting and capitalization normalization,"First ascent of North Spur, Mount Phillips (3,246 m), Canadian Rockies."
266,"(Ian Welsted and Simon Richardson, 3 to 7 August 2019)",possible OCR: minor punctuation and date-range formatting normalization,"(Ian Welsted and Simon Richardson, 3–7 August 2019)"
271,"Ally and I sat in an empty hotel restaurant, the morning silence lingering peacefully under the high-vaulted ceiling.",no significant OCR errors detected,"Ally and I sat in an empty hotel restaurant, the morning silence lingering peacefully under the high-vaulted ceiling."
272,I looked around: empty tables and half-tucked chairs filled the room.,no significant OCR errors detected,I looked around: empty tables and half-tucked chairs filled the room.
278,I could still smell it on my clothes.,no significant OCR errors detected,I could still smell it on my clothes.
288,Will Sim had ‘re-discovered’ the Hindu Raj region.,possible OCR: minor quotation normalization,Will Sim had “re-discovered” the Hindu Raj region.
289,"Years of political instability and tension had closed this mountainous, and remote area to foreigners.",possible OCR: minor punctuation and adjective coordination normalization,Years of political instability and tension had closed this mountainous and remote area to foreigners.
292,"But Will’s curiosity and research secured a permit for autumn 2019, and he invited John Crook, Uisdean Hawthorn, Ally Swinton, and me to join.",no significant OCR errors detected,"But Will’s curiosity and research secured a permit for autumn 2019, and he invited John Crook, Uisdean Hawthorn, Ally Swinton, and me to join."
304,"As we journeyed further into the mountains, villages shrank in size and frequency to isolated hamlets.",no significant OCR errors detected,"As we journeyed further into the mountains, villages shrank in size and frequency to isolated hamlets."
333,"Unfortunately, Will and Uisdean were il and stayed at base camp.",possible OCR: minor spelling error,"Unfortunately, Will and Uisdean were ill and stayed at base camp."
334,"It was almost inevitable that some of our team would get sick, but we still felt for them; it was unfortunate to miss out on crucial acclimatisation.",no significant OCR errors detected,"It was almost inevitable that some of our team would get sick, but we still felt for them; it was unfortunate to miss out on crucial acclimatisation."
344,Will and Ally passed a book back and forth.,no significant OCR errors detected,Will and Ally passed a book back and forth.
354,"During acclimatisation, you’re still learning the mountain’s moods: you watch how clouds boil around the peak; you see where snow sticks to the face; and you stare as sunshine and shadow reveal new features.",no significant OCR errors detected,"During acclimatisation, you’re still learning the mountain’s moods: you watch how clouds boil around the peak; you see where snow sticks to the face; and you stare as sunshine and shadow reveal new features."
362,"Ally and I were motivated for the right-hand line but the climbing looked tricky: there was a possibility it was simply too hard, or we would be unlucky.",possible OCR: minor punctuation and clause parallelism correction,"Ally and I were motivated for the right-hand line, but the climbing looked tricky: there was a possibility it was simply too hard, or that we would be unlucky."
365,"Will, John and Uisdean chose the left-hand, north-east ridge: it looked fantastic, it would hopefully be easier and it would offer them more time to acclimatise.",possible OCR: minor punctuation and coordination normalization,"Will, John, and Uisdean chose the left-hand north-east ridge: it looked fantastic, it would hopefully be easier, and it would offer them more time to acclimatise."
366,I shared Will’s views about wanting to climb something.,no significant OCR errors detected,I shared Will’s views about wanting to climb something.
381,"Although the sun had spilled onto the face, I still grit- ted my teeth as blood returned to my toes.",possible OCR: minor word segmentation and verb-form error,"Although the sun had spilled onto the face, I still gritted my teeth as blood returned to my toes."
384,"On the second day, Ally led several brilliant mixed pitches up a chim- ney-gully system.",possible OCR: minor hyphenation and word segmentation correction,"On the second day, Ally led several brilliant mixed pitches up a chimney-gully system."
385,"Piece by piece, pitch by pitch, we answered more of our questions, filling in the blanks we’d noted when scanning the face.",no significant OCR errors detected,"Piece by piece, pitch by pitch, we answered more of our questions, filling in the blanks we’d noted when scanning the face."
410,"It felt like climbing at Gogarth’s Main Cliff, a place I'm very fond of, and Ibegan to relish our wild yet somehow familiar position.","possible OCR: minor spacing, contraction, and word-segmentation errors","It felt like climbing at Gogarth’s Main Cliff, a place I’m very fond of, and I began to relish our wild yet somehow familiar position."
424,"We enjoyed the easier ground but were still a long way from the true summit, which was further back from the peak we’d seen from base camp.",no significant OCR errors detected,"We enjoyed the easier ground but were still a long way from the true summit, which was further back from the peak we’d seen from base camp."
428,"It was as if the sky was tearing itself apart, huge white explosions illuminating thunder- heads and boiling clouds.",possible OCR: minor hyphenation and word-segmentation correction,"It was as if the sky was tearing itself apart, huge white explosions illuminating thunderheads and boiling clouds."
431,"Hoping to see the tracks of Will, Uisdean and John, we pushed on, but figured they must have turned back when we found none.",possible OCR: minor punctuation normalization,"Hoping to see the tracks of Will, Uisdean, and John, we pushed on, but figured they must have turned back when we found none."
442,"I held my breath in nervous expectation of suddenly falling into a slot; these crevasses looked like monstrous, soulless depths.",no significant OCR errors detected,"I held my breath in nervous expectation of suddenly falling into a slot; these crevasses looked like monstrous, soulless depths."
464,I knew Ally needed more medical attention than the single bandage and painkillers Icould offer him.,possible OCR: minor spacing and word-boundary error,I knew Ally needed more medical attention than the single bandage and painkillers I could offer him.
476,"The Pakistani helicopter crew loaded Ally on board at around 1pm and then came back for me 45 minutes later, flying to a small village where the air force had established a small fuel dump.",possible OCR: minor spacing and unit formatting normalization,"The Pakistani helicopter crew loaded Ally on board at around 1 pm and then came back for me 45 minutes later, flying to a small village where the air force had established a small fuel dump."
479,"We enjoyed a final meal with our agent and team, recounting wild stories of helicopters and hospitals, of Will and John waiting in a nearby airbase to rescue us as Uisdean packed up base camp to drive through the night.",possible OCR: minor punctuation and clause boundary confusion,"We enjoyed a final meal with our agent and team, recounting wild stories of helicopters and hospitals, of Will and John waiting in a nearby airbase to rescue us, as Uisdean packed up base camp to drive through the night."
481,"As we spilled onto the street, the moon shone over the city, a full lunar cycle completed during our month in the mountains, as we played the Great Game on Koyo Zom.",no significant OCR errors detected,"As we spilled onto the street, the moon shone over the city, a full lunar cycle completed during our month in the mountains, as we played the Great Game on Koyo Zom."
483,"Attempt on north-east ridge of Koyo Zom (6877m), four days to 6,000m, Will Sim, Uisdean Hawthorn and John Crook.",possible OCR: minor formatting and spacing inconsistencies in elevation notation,"Attempt on north-east ridge of Koyo Zom (6877 m), four days to 6,000 m, Will Sim, Uisdean Hawthorn and John Crook."
493,"Like a fifth or so of the buildings in the small village of Thangu, his hotel was indeed very broken.",possible OCR: character substitution and word choice degradation,"Like a fifth or so of the buildings in the small village of Thangu, his hotel was indeed very broken."
500,"The deep, jungle-covered and winding valleys of the foothills made for a grand and varied approach to the mountains.",no significant OCR errors detected,"The deep, jungle-covered and winding valleys of the foothills made for a grand and varied approach to the mountains."
509,"The highest point thus far, still a long way from the summit, was reached by a Japanese team in 1992.",no significant OCR errors detected,"The highest point thus far, still a long way from the summit, was reached by a Japanese team in 1992."
524,"The local people were much more interested in searching for caterpillar fungus, the famous yartsa gunbu much in demand in China as an aphrodisiac and cure-all.",possible OCR: minor punctuation and spacing inconsistencies,"The local people were much more interested in searching for caterpillar fungus, the famous yartsa gunbu, much in demand in China as an aphrodisiac and cure-all."
536,Suggestions that it was built for military purposes or to take yaks up to a yak racing ground were dismissed in favour of it being some kind of tourist trail.,no significant OCR errors detected,Suggestions that it was built for military purposes or to take yaks up to a yak racing ground were dismissed in favour of it being some kind of tourist trail.
551,"The next day dawned the same but, feeling the need to be in position at the foot of our intended line, we trudged up through the falling snow, pitched our little tent at the foot of the face and set the alarm for an early start.",possible OCR: minor punctuation degradation and missing commas,"The next day dawned the same, but, feeling the need to be in position at the foot of our intended line, we trudged up through the falling snow, pitched our little tent at the foot of the face, and set the alarm for an early start."
553,In the early hours it was still snowing and the temperature was clearly too warm for a good freeze.,possible OCR: minor punctuation omission,"In the early hours it was still snowing, and the temperature was clearly too warm for a good freeze."
563,With endless hours to waste we whiled away the time discussing laughable possibilities interminably.,possible OCR: minor punctuation omission,"With endless hours to waste, we whiled away the time discussing laughable possibilities interminably."
564,The weather still wasn't getting any better.,no significant OCR errors detected,The weather still wasn’t getting any better.
577,The expedition was dead in the water if we couldn’t reach the village of Thangu and getting foreigners there when Indian tourists were banned seemed an almost insuperable problem to us.,possible OCR: minor punctuation omission and clause separation error,"The expedition was dead in the water if we couldn’t reach the village of Thangu, and getting foreigners there when Indian tourists were banned seemed an almost insuperable problem to us."
585,"Approval from yet another senior official was secured, a special pass of some sort was granted, the guard at the army camp gate let us through and the villagers of Thangu couldn’t believe it when we arrived.",possible OCR: minor punctuation omission in serial clause structure,"Approval from yet another senior official was secured, a special pass of some sort was granted, the guard at the army camp gate let us through and the villagers of Thangu couldn’t believe it when we arrived."
630,"Much as the climbing itself had been a million miles away from the technical ground I love, we had reached 6,100m.",possible OCR: minor formatting inconsistency in metric notation,"Much as the climbing itself had been a million miles away from the technical ground I love, we had reached 6,100 m."
660,"Remarkably the pool was emptied with minimum spillage but in my enthusiasm to apply a new bag, I quickly wasted several of my carefully calculated stock.",possible OCR: minor punctuation omission,"Remarkably the pool was emptied with minimum spillage, but in my enthusiasm to apply a new bag, I quickly wasted several of my carefully calculated stock."
679,We discussed various possibilities but in truth we didn’t dither long.,possible OCR: minor punctuation omission,"We discussed various possibilities, but in truth we didn’t dither long."
682,"Particularly after the health challenges of the last couple of years,I had wanted to prove to myself that I could still climb great Himalayan objectives.",possible OCR: missing punctuation spacing,"Particularly after the health challenges of the last couple of years, I had wanted to prove to myself that I could still climb great Himalayan objectives."
684,"I was very aware of all the effort medical professionals had put into getting me back in good condition, not to mention the unfailing support of my family and Berghaus.",no significant OCR errors detected,"I was very aware of all the effort medical professionals had put into getting me back in good condition, not to mention the unfailing support of my family and Berghaus."
707,(Jerry Gore),no significant OCR errors detected,(Jerry Gore)
720,"My head and shoulders dropped, as my familiar low self-esteem fermented inside me.",no significant OCR errors detected,"My head and shoulders dropped, as my familiar low self-esteem fermented inside me."
734,It extends around the walls from floor to ceiling and when you walk in you feel totally enveloped in gloom.,possible OCR: minor punctuation omission,"It extends around the walls from floor to ceiling, and when you walk in you feel totally enveloped in gloom."
756,"The normal time to climb the north face is still two days, or even more, and consequently most climbers take bivy gear.",no significant OCR errors detected,"The normal time to climb the north face is still two days, or even more, and consequently most climbers take bivy gear."
763,"His maturity must have something to do with the death of his younger brother, who had been killed in a car crash some years before.",no significant OCR errors detected,"His maturity must have something to do with the death of his younger brother, who had been killed in a car crash some years before."
767,"I waited for questions about fitness, route conditions and partner ability (i.e. me).",no significant OCR errors detected,"I waited for questions about fitness, route conditions and partner ability (i.e. me)."
771,but it's still cold on the face to reduce rock fall and there's still sufficient snow and ice to make the climbing easier.,possible OCR: minor punctuation omission and capitalization inconsistency,"But it's still cold on the face to reduce rockfall, and there's still sufficient snow and ice to make the climbing easier."
781,"I wasn't fit, conditions were uncertain and I still had to learn the technicalities of 'speed climbing' rather than just climbing—a totally different affair as I was soon to find out.",possible OCR: minor punctuation omission and spacing inconsistencies,"I wasn't fit, conditions were uncertain, and I still had to learn the technicalities of ‘speed climbing’ rather than just climbing—a totally different affair, as I was soon to find out."
794,He made a huge difference to our attempt and I still feel deeply honoured that he gave me so much of his valuable time in helping me.,possible OCR: minor punctuation omission,"He made a huge difference to our attempt, and I still feel deeply honoured that he gave me so much of his valuable time in helping me."
804,Simplistically it is about ascending steep hills involving vertical height gains of 800m or more but over short horizontal distances.,possible OCR: minor punctuation omission and metric formatting inconsistency,"Simplistically, it is about ascending steep hills involving vertical height gains of 800 m or more but over short horizontal distances."
812,My long-suffering wife Jackie got on with the day-to-day business of running our company while dealing with my mood swings as my blood sugars began to oscillate.,no significant OCR errors detected,My long-suffering wife Jackie got on with the day-to-day business of running our company while dealing with my mood swings as my blood sugars began to oscillate.
826,My body was already com- plaining and injury is a real possibility for the over 50s.,possible OCR: word break and hyphenation corruption,My body was already complaining and injury is a real possibility for the over-50s.
866,It was already early evening and we still had a lot of prep before we could sleep.,possible OCR: minor punctuation omission,"It was already early evening, and we still had a lot of prep before we could sleep."
891,Now it was approaching that time and we all knew the sun would be hitting the upper snowfields releasing its deadly fusillade.,possible OCR: minor punctuation omission,"Now it was approaching that time, and we all knew the sun would be hitting the upper snowfields, releasing its deadly fusillade."
901,Was I still good enough to do this game?,no significant OCR errors detected,Was I still good enough to do this game?
912,Then I reflected on why I was here in the first place: raising money to help impoverished families with children who had type-1 diabetes.,possible OCR: minor hyphenation and medical terminology normalization,Then I reflected on why I was here in the first place: raising money to help impoverished families with children who had type 1 diabetes.
916,He was an eight-year-old boy I had met at a diabetes camp in the Philippines a year earlier.,no significant OCR errors detected,He was an eight-year-old boy I had met at a diabetes camp in the Philippines a year earlier.
919,Insulin med- ication in many parts of south-east Asia is often beyond the reach of most households and without it a newly diagnosed type-1 child will die slowly and painfully within six months.,possible OCR: severe word segmentation and hyphenation errors,"Insulin medication in many parts of south-east Asia is often beyond the reach of most households, and without it a newly diagnosed type 1 child will die slowly and painfully within six months."
923,"His blood sugars were over 400mg/dL, or milligrams per decilitre: a death sentence given that the average for a non-diabetic person is just 100mg/dL.","possible OCR: minor spacing, punctuation, and unit formatting normalization","His blood sugars were over 400 mg/dL, or milligrams per decilitre: a death sentence, given that the average for a non-diabetic person is just 100 mg/dL."
925,By day four his sugars had dropped significantly and starting to stabilise.,possible OCR: minor verb agreement and tense correction,By day four his sugars had dropped significantly and were starting to stabilise.
940,He knew we had the tech- nical skills to tackle anything on the face.,possible OCR: minor word segmentation error,He knew we had the technical skills to tackle anything on the face.
949,This was still a little low but it was rising fast and I knew that my carb-rich breakfast would counter the effect of the intensive exercise coming up.,possible OCR: minor punctuation and clause separation normalization,"This was still a little low, but it was rising fast, and I knew that my carb-rich breakfast would counter the effect of the intensive exercise coming up."
951,The black sky was a million tiny shards of light and I gulped it in as we raced across the base of the beast.,possible OCR: minor punctuation omission,"The black sky was a million tiny shards of light, and I gulped it in as we raced across the base of the beast."
955,Soon we were pulling ourselves across the legendary Hinterstoisser Traverse and I saw the sun for the first time: a smoky yellow ball hanging low on the horizon.,possible OCR: minor punctuation normalization,"Soon we were pulling ourselves across the legendary Hinterstoisser Traverse, and I saw the sun for the first time: a smoky yellow ball hanging low on the horizon."
960,"Unluckily for us its magic veneer of ice had gone and we were forced to take turns dry tooling technical sections of blank rock, pulling hard on ice axes hooked on millimetres of crumbly limestone.",possible OCR: minor punctuation and possessive structure normalization,"Unluckily for us, its magic veneer of ice had gone and we were forced to take turns dry tooling technical sections of blank rock, pulling hard on ice axes hooked on millimetres of crumbly limestone."
999,We were now in the sun and it was still only early afternoon.,possible OCR: minor punctuation omission,"We were now in the sun, and it was still only early afternoon."
1022,"Calum had gone, racing off down the hill, eager to be reunited with his car so he could get back to Chamonix in time for the last cable car.",no significant OCR errors detected,"Calum had gone, racing off down the hill, eager to be reunited with his car so he could get back to Chamonix in time for the last cable car."
1027,"The north face of the Alguille des Pelerins (3318m) in winter, seamed with ice runnels.","possible OCR: severe proper noun, diacritic, and spelling correction","The north face of the Aiguille des Pèlerins (3,318 m) in winter, seamed with ice runnels."
1029,"The temperature was falling, and the gusty frigid winds penetrated right through to the bone.",possible OCR: minor punctuation insertion,"The temperature was falling, and the gusty, frigid winds penetrated right through to the bone."
1031,"Al Powell, that gnarly and incredibly understated British alpinist of the 1990s and 2000s, was dragging me up a winter ascent of the Rebuffat-Terray on the north face of the Aiguille des Pelerins.",possible OCR: minor diacritic normalization,"Al Powell, that gnarly and incredibly understated British alpinist of the 1990s and 2000s, was dragging me up a winter ascent of the Rebuffat-Terray on the north face of the Aiguille des Pèlerins."
1045,But I don't despair; the optimist will always win I tell myself.,possible OCR: minor punctuation and contraction normalization,"But I don’t despair; the optimist will always win, I tell myself."
1051,"My regular climbing partner Matt Helliker never needs persuading and we included in the party the Derbyshire lad Pete Whittaker, world-renowned master of crack climbing.",possible OCR: minor punctuation and clause separation correction,"My regular climbing partner Matt Helliker never needs persuading, and we included in the party the Derbyshire lad Pete Whittaker, world-renowned master of crack climbing."
1054,"Circumstances beyond our control meant we were short on time and instead of an appropriately early start from a bivouac at the Plan de l'Aiguille, we headed up on the first cable car: not ideal given the day's objective.",possible OCR: minor punctuation and possessive normalization,"Circumstances beyond our control meant we were short on time and, instead of an appropriately early start from a bivouac at the Plan de l’Aiguille, we headed up on the first cable car: not ideal given the day’s objective."
1071,"First ascent of Beyond Reason (ED V, 5+/F5c, M6+, R, 550m) north face of Pointe des Pelerins, or Pointe Migot, 7 February 2020, Jon Bracey, Matt Helliker and Pete Whittaker.","possible OCR: minor formatting, diacritic, and list punctuation normalization","First ascent of Beyond Reason (ED V, 5+/F5c, M6+, R, 550 m), north face of Pointe des Pèlerins (or Pointe Migot), 7 February 2020, Jon Bracey, Matt Helliker, and Pete Whittaker."
1074,"Skiing the Col de Valpelline with the Matterhorn as a backdrop in 2016, the second portion of David Hamilton's ski traverse of the Alps.",possible OCR: minor possessive punctuation normalization,"Skiing the Col de Valpelline with the Matterhorn as a backdrop in 2016, the second portion of David Hamilton’s ski traverse of the Alps."
1090,All of this was essential in developing the necessary skills and preparing me for this project.,no significant OCR errors detected,All of this was essential in developing the necessary skills and preparing me for this project.
1103,Accommodation is mostly in CAF refuges and small village hotels.,no significant OCR errors detected,Accommodation is mostly in CAF refuges and small village hotels.
1105,"Depending on the opening dates of the CAF refuges there may be as few as five nights in winter rooms (Merveillies, Nice, Vens, Rabuons, Mario Bezzi) although this could rise to seven if Dent Parachee and Col de la Vanoise are not yet open.","possible OCR: minor punctuation, diacritic, and toponym normalization","Depending on the opening dates of the CAF refuges, there may be as few as five nights in winter rooms (Merveille, Nice, Vens, Rabuons, Mario Bezzi), although this could rise to seven if Dent Parrachée and Col de la Vanoise are not yet open."
1121,"Late in the day we navigated the gaping crevasses of the Adler glacier in the failing light, and spent several hours in total darkness searching for the closed hut.",possible OCR: minor capitalization normalization,"Late in the day we navigated the gaping crevasses of the Adler Glacier in the failing light, and spent several hours in total darkness searching for the closed hut."
1125,"The weather improved for the five-day section on to Splugen, and we enjoyed good snow conditions and the excellent facilities of three SAC huts.","possible OCR: minor diacritic, punctuation, and preposition normalization","The weather improved for the five-day section on to Splügen, and we enjoyed good snow conditions and the excellent facilities of three SAC huts."
1128,The new route required long days linking villages and small ski resorts where the accommodation was comfortable if expensive.,possible OCR: minor punctuation adjustment and clause clarity,"The new route required long days linking villages and small ski resorts where the accommodation was comfortable, if expensive."
1134,The nine unstaffed huts were mostly excellent with cooking facilities and heating.,possible OCR: minor punctuation and compression of phrasing,"The nine unstaffed huts were mostly excellent, with cooking facilities and heating."
1136,"The 2016 leg of 25 stages covered 518Icm with 30,621m of ascent in 31 days.",possible OCR: severe numeric and unit recognition errors,"The 2016 leg of 25 stages covered 518 km with 30,621 m of ascent in 31 days."
1143,"Ahead of us the Otztal, Stubai, Zillertal, Hohe Tauern and Niedere Tauern ranges promised classic ski-touring terrain.",possible OCR: minor diacritic restoration and punctuation normalization,"Ahead of us the Ötztal, Stubai, Zillertal, Hohe Tauern, and Niedere Tauern ranges promised classic ski-touring terrain."
1147,"Half a dozen times we found ourselves in seriously unpleasant situations due to avalanche and snow stability issues, or steep technical terrain.",possible OCR: minor punctuation normalization,Half a dozen times we found ourselves in seriously unpleasant situations due to avalanche and snow stability issues or steep technical terrain.
1161,We waited out a three-day period of poor weather at Matreier before managing  five consecutive eight-hour days passing  north of the Grossglockner and Heiligenblut to Bockstein.,possible OCR: minor punctuation omission and clause separation error,"We waited out a three-day period of poor weather at Matreier before managing five consecutive eight-hour days, passing north of the Grossglockner and Heiligenblut to Bockstein."
1166,After the unpleasant climb to the Harmoverhaus we resorted to very early starts in an attempt to avoid the afternoon wet snow slides pouring from the hillsides.,"possible OCR: minor proper noun, capitalization, and punctuation normalization","After the unpleasant climb to the Hannoverhaus, we resorted to very early starts in an attempt to avoid the afternoon wet snow slides pouring from the hillsides."
1177,"This was a six-day journey with overnight stops in Donnersbachwald, Gulling, Rottenman, Johnsbach, and Radmer.",possible OCR: minor proper noun correction,"This was a six-day journey with overnight stops in Donnersbachwald, Gulling, Rottenmann, Johnsbach, and Radmer."
1184,The third section left the high mountains behind and traversed the undulating hills of the 'Vienna woods' gradually losing height until reaching the city limits.,"possible OCR: minor quotation, capitalization, and punctuation normalization","The third section left the high mountains behind and traversed the undulating hills of the “Vienna Woods”, gradually losing height until reaching the city limits."
1199,"It may seem boring to spend hundreds of hours studying maps and programming routes into a GPS, but on a long tour through unfamiliar terrain this is essential to avoid navigational errors with potentially serious consequences.",no significant OCR errors detected,"It may seem boring to spend hundreds of hours studying maps and programming routes into a GPS, but on a long tour through unfamiliar terrain this is essential to avoid navigational errors with potentially serious consequences."
1205,"When the weather is good it is essential to make forward progress, and we never took a rest day unless this was forced by weather conditions, illness, injury or exhaustion.",possible OCR: minor punctuation and list formatting normalization,"When the weather is good, it is essential to make forward progress, and we never took a rest day unless this was forced by weather conditions, illness, injury, or exhaustion."
1222,ROB COLLISTER,no significant OCR errors detected,ROB COLLISTER
1226,"Cwm Hetiau, owm of the hats, by the Anglesey painter and printmaker Kyffin Williams (1918-2006).","possible OCR: minor translation, punctuation, and typographic normalization","Cwm Hetiau, or “Cwm of the Hats,” by the Anglesey painter and printmaker Kyffin Williams (1918–2006)."
1230,"Too vague to be called a plan, my intention was simply to renew acquaintance with some of the arctic-alpine plants which still linger on in high, cold places inaccessible to sheep, leftovers from the last ice age.",possible OCR: minor hyphenation and stylistic normalization,"Too vague to be called a plan, my intention was simply to renew acquaintance with some of the arctic-alpine plants which still linger on in high, cold places inaccessible to sheep, leftovers from the last ice age."
1250,"That was familiar territory, however, so I chose to head down and to my left investigating another band  of  dark rock.  ",possible OCR: minor spacing and punctuation normalization,"That was familiar territory, however, so I chose to head down and to my left, investigating another band of dark rock."
1251,In terms of interesting plants it proved disappointing but I found I could link grass ledges across an increasingly steep hillside until I suddenly found myself back on the Cwm Glas spur.,possible OCR: minor punctuation omission and clause separation,"In terms of interesting plants it proved disappointing, but I found I could link grass ledges across an increasingly steep hillside until I suddenly found myself back on the Cwm Glas Spur."
1257,"In days gone by many a top hat went sailing out into the cwm below, caught by a sudden gust; nowadays it is more likely to be a baseball cap.",no significant OCR errors detected,"In days gone by many a top hat went sailing out into the cwm below, caught by a sudden gust; nowadays it is more likely to be a baseball cap."
1259,"On 6 April, Easter Monday, after two years under construction, the Snowdon Railway officially opened with two locomotives, each pulling two carriages filled with excited passengers, making their way to the summit of the mountain.",possible OCR: minor punctuation and clause structuring,"On 6 April, Easter Monday, after two years under construction, the Snowdon Railway officially opened, with two locomotives each pulling two carriages filled with excited passengers making their way to the summit of the mountain."
1261,It later transpired that subsidence under the track in the cutting just below the top had caused the engine to jump the rack-and-pinion braking system so that it began to career downhill out of control.,possible OCR: minor punctuation omission,"It later transpired that subsidence under the track in the cutting just below the top had caused the engine to jump the rack-and-pinion braking system, so that it began to career downhill out of control."
1265,"The guard had sensibly ordered the terrified passengers to remain seated and the only casualty was the unfortunate man who chose to jump out, struck his head on a rock and was killed.",possible OCR: minor punctuation omission and clause separation error,"The guard had sensibly ordered the terrified passengers to remain seated, and the only casualty was the unfortunate man who chose to jump out, struck his head on a rock, and was killed."
1268,"Meanwhile, it was discovered that the main cylinder of the locomotive was, to everyone's surprise, still intact so it was laboriously hauled up some very steep ground to Clogwyn station and taken down to Llanberis to be re-used.","possible OCR: minor punctuation, capitalization, and hyphenation inconsistency","Meanwhile, it was discovered that the main cylinder of the locomotive was, to everyone’s surprise, still intact, so it was laboriously hauled up some very steep ground to Clogwyn Station and taken down to Llanberis to be reused."
1278,"There is nothing of note here, just some clumps of rushes and a streamlet emerging from the hillside to quickly bend away northward.",possible OCR: minor clause restructuring and participle correction,"There is nothing of note here, just some clumps of rushes and a streamlet emerging from the hillside, quickly bending away northward."
1286,"Within five minutes I had filled my rucksack with plastic bottles, aluminium cans and sweet wrappers.",possible OCR: minor punctuation omission,"Within five minutes I had filled my rucksack with plastic bottles, aluminium cans, and sweet wrappers."
1302,"Making our way through fields of dripping bracken and derelict walls, we traversed the hillside into Cwm Glas Bach.",no significant OCR errors detected,"Making our way through fields of dripping bracken and derelict walls, we traversed the hillside into Cwm Glas Bach."
1303,"Right at the bottom, by the mountain wall, we filled our first bag with corrugated iron and other debris, from the remains of a small hut by the look of it.",possible OCR: minor punctuation omission and clause separation,"Right at the bottom, by the mountain wall, we filled our first bag with corrugated iron and other debris, from the remains of a small hut, by the look of it."
1306,Streambeds contained a fair amount of junk but on the open hillside there was less than expected and there was even some murmuring about the need for so many of us.,possible OCR: minor punctuation omission,"Streambeds contained a fair amount of junk, but on the open hillside there was less than expected, and there was even some murmuring about the need for so many of us."
1330,The only flowers in my garden not blooming were my expeditions to the big hills.,no significant OCR errors detected,The only flowers in my garden not blooming were my expeditions to the big hills.
1334,I quickly became familiar with official obstructions and embarked on the uncertain game of 3 ---Page 3 ---4 THE ALPINE JOURNAL 2021,possible OCR: severe layout contamination and pagination/header insertion,I quickly became familiar with official obstructions and embarked on the uncertain game of — 3 — 4 The Alpine Journal 2021.
1339,"In the end, I was greeted by the familiar sweet stench so typical of the Nepali metropolis of Kathmandu.",no significant OCR errors detected,"In the end, I was greeted by the familiar sweet stench so typical of the Nepali metropolis of Kathmandu."
1343,"I had to go through inconveniences in Kathmandu: a date at the ministry of tourism, where officials graciously gave me a permit for the hill and I paid thousands of dollars to the establishment.","possible OCR: capitalization, punctuation, and clause separation","I had to go through inconveniences in Kathmandu: a date at the Ministry of Tourism, where officials graciously gave me a permit for the hill, and I paid thousands of dollars to the establishment."
1346,Left: A similar view of the same wall from 2013 illustrates the impact recent dry years is having in this part of the Himalaya.,possible OCR: grammatical agreement error,Left: A similar view of the same wall from 2013 illustrates the impact recent dry years are having in this part of the Himalaya.
1350,A group of friends and porters were still waiting for me in LuIda.,possible OCR: character misrecognition (place name corruption),A group of friends and porters were still waiting for me in Lukla.
1352,"Even here, at the gate to paradise, I couldn't shake the feeling that these constrictions could still thwart our departure to the mountains.",possible OCR: minor word substitution and punctuation normalization,"Even here, at the gate to paradise, I couldn’t shake the feeling that these constraints could still thwart our departure to the mountains."
1354,"---Page 5 ---6 THE ALPINE JOURNAL 2021 Next day we met a bunch of friends travelling in the opposite direction: Honza Travnleek, mountain killers Zdenek flak and Jaroslav 13anan' BansK who were brandishing a firstascent scalp from Kangchung Sham'","possible OCR: severe name corruption, punctuation loss, and page header contamination","Next day we met a bunch of friends travelling in the opposite direction: Honza Trávníček, mountain killers Zdeněk Flák and Jaroslav “Banán” Banský, who were brandishing a first-ascent scalp from Kangchung Shar."
1357,"Luckily for her, all of us still had commitments to move that day and a farewell was inevitable.",possible OCR: minor punctuation omission,"Luckily for her, all of us still had commitments to move that day, and a farewell was inevitable."
1359,"The following days were filled with a trek with friends, which was also good acclimatisation for Radek and me.",no significant OCR errors detected,"The following days were filled with a trek with friends, which was also good acclimatisation for Radek and me."
1365,"For far and wide, there was no living soul, only silence occasionally interrupted by the crack of a serac, the rumble of rolling moraine, or a falling avalanche.",possible OCR: minor phrase corruption (“For far and wide” → “Far and wide”),"Far and wide, there was no living soul, only silence occasionally interrupted by the crack of a serac, the rumble of rolling moraine, or a falling avalanche."
1367,"Unique, sculptural Baruntse (7129m) filled the entire horizon and left no doubt as to who was in charge here.",possible OCR: minor metric formatting inconsistency,"Unique, sculptural Baruntse (7129 m) filled the entire horizon and left no doubt as to who was in charge here."
1369,It's horribly compelling.,possible OCR: minor punctuation normalization,It’s horribly compelling.
1379,It's been a waiting game as that window refuses to open but it's no hardship because the weather allows us to run among the surrounding hills and thus shorten our sentence.,possible OCR: minor punctuation and contraction normalization,"It’s been a waiting game as that window refuses to open, but it’s no hardship because the weather allows us to run among the surrounding hills and thus shorten our sentence."
1384,A message arrives via the satellite phone that immediately increases our blood pressure.,no significant OCR errors detected,A message arrives via the satellite phone that immediately increases our blood pressure.
1388,"At the same time, it must be admitted that the glacier is just a frozen river that is still rolling, albeit at the speed of a snail.",no significant OCR errors detected,"At the same time, it must be admitted that the glacier is just a frozen river that is still rolling, albeit at the speed of a snail."
1394,"Even at the slightest swing, did not penetrate deeper and only pinched a thousandyearold mountain coat into a million tiny fragments that fell directly onto Radek's head.",possible OCR: minor grammatical omission and hyphenation errors,"Even at the slightest swing, it did not penetrate deeper and only pinched a thousand-year-old mountain coat into a million tiny fragments that fell directly onto Radek’s head."
1397,"An ascent like the Russian expedition from 1995 led by Sergei Efimov, which climbed the pillar of the western wall, significantly to the right of our line, is unrepeatable under current conditions.",possible OCR: minor punctuation and clause-structure normalization,"An ascent like the Russian expedition from 1995 led by Sergei Efimov, which climbed the pillar of the western wall significantly to the right of our line, is unrepeatable under current conditions."
1400,"It was still cool, below zero, but the sun's rays managed to loosen stones in the upper section, and humming projectiles begin to fall around us.",possible OCR: minor verb tense and punctuation normalization,"It was still cool, below zero, but the sun’s rays managed to loosen stones in the upper section, and humming projectiles began to fall around us."
1444,I quickly pull out the satellite phone to find a message from Alena (our friend the meteorologist) who is our guardian angel and sends me weather reports.,possible OCR: minor punctuation and clause-structure normalization,"I quickly pull out the satellite phone to find a message from Alena (our friend, the meteorologist), who is our guardian angel and sends me weather reports."
1455,"As long as we're still hanging under the top of the route, we're vulnerable.",possible OCR: minor contraction and punctuation normalization,"As long as we’re still hanging under the top of the route, we’re vulnerable."
1457,We have to hope that the weather will allow us to climb those few tens of metres tomorrow and then we will descend down the ridge to safety.,possible OCR: minor punctuation and redundancy normalization,"We have to hope that the weather will allow us to climb those few tens of metres tomorrow, and then we will descend down the ridge to safety."
1459,"Suddenly, the satellite phone beeps with an SMS.",no significant OCR errors detected,"Suddenly, the satellite phone beeps with an SMS."
1461,'Tomorrow the weather will be like today and in the evening there will be a significant deterioration.,possible OCR: multiple l/i/|/I in a row; possible OCR: multiple l/i/|/I in a row,"“Tomorrow the weather will be like today, and in the evening there will be a significant deterioration.”"
1462,"And the next day, Saigon will come.'",possible OCR: multiple l/i/|/I in a row,"“And the next day, Saigon will come.”"
1467,"It's cloudy in the morning with poor visibility, but there is no choice.",possible OCR: minor punctuation and contraction normalization,"It’s cloudy in the morning with poor visibility, but there is no choice."
1469,"Easy to say, but the falling snow, the wind and the last mixed sections take all day again.",possible OCR: minor punctuation omission,"Easy to say, but the falling snow, the wind, and the last mixed sections take all day again."
1471,"I try not to make the situation worse and calmly answer: 'It will be good, it will only be good.'",possible OCR: minor quotation punctuation normalization,"I try not to make the situation worse and calmly answer: “It will be good, it will only be good.”"
1474,All that remains is to set up the tent with the knowledge that Wednesday with its hurricane winds and snowfall will not pass us by.,possible OCR: minor punctuation omission and clause separation error,"All that remains is to set up the tent with the knowledge that Wednesday, with its hurricane winds and snowfall, will not pass us by."
1477,"At any moment, it seems, the tent will collapse and tear under this onslaught.",no significant OCR errors detected,"At any moment, it seems, the tent will collapse and tear under this onslaught."
1479,"The wind is still shrieking, but the whole tent has been completely covered and turned into an igloo.",no significant OCR errors detected,"The wind is still shrieking, but the whole tent has been completely covered and turned into an igloo."
1487,"So there is nothing for it but to move, otherwise this place will become our grave.",no significant OCR errors detected,"So there is nothing for it but to move, otherwise this place will become our grave."
1494,The cold and wind chill us; we're shivering in our damp clothes in an instant.,possible OCR: minor punctuation and contraction normalization,The cold and wind chill us; we’re shivering in our damp clothes in an instant.
1498,There will be no chance of better weather for the next three days.,no significant OCR errors detected,There will be no chance of better weather for the next three days.
1499,"On the ---Page 12 ---HEAVEN'S TRAP 13 contrary, it will worsen on Friday.",possible OCR: severe layout and header contamination with pagination text insertion,"On the contrary, it will worsen on Friday."
1502,"7,000m high, in places as sharp as a knife and with slopes falling more than a kilometre either side.",possible OCR: minor spacing and unit formatting normalization,"7,000 m high, in places as sharp as a knife and with slopes falling more than a kilometre either side."
1523,"The weather remains devilish, and even ordinary basic tasks, such as boiling water or going to urinate, are difficult tasks for us, costing a lot of effort.",possible OCR: minor redundancy and grammatical smoothing,"The weather remains devilish, and even ordinary basic tasks, such as boiling water or going to urinate, are difficult for us, costing a lot of effort."
1528,"There is still a stove for boiling snow, but our tea and soluble tablets are finished.",no significant OCR errors detected,"There is still a stove for boiling snow, but our tea and soluble tablets are finished."
1532,We immediately take advantage of the opportunity offered to use our satellite phone and send our coordinates to our helicopter pilot.,no significant OCR errors detected,We immediately take advantage of the opportunity offered to use our satellite phone and send our coordinates to our helicopter pilot.
1555,Perhaps the time is not so far distant when travel agencies will include tours to the highest mountain in the world in their itineraries.,no significant OCR errors detected,Perhaps the time is not so far distant when travel agencies will include tours to the highest mountain in the world in their itineraries.
1558,"In turn, these phenomena were claimed to be responsible for promoting nearcrisis levels of fuel wood shortages, soil erosion, slope instability, geomorphic hazards, and major watercourse siltation.",possible OCR: minor hyphenation and compounding normalization,"In turn, these phenomena were claimed to be responsible for promoting near-crisis levels of fuelwood shortages, soil erosion, slope instability, geomorphic hazards, and major watercourse siltation."
1564,"In a chapter aptly titled 'Refugees from Shangri La', Eckholm describes the conclusions of a 1974 International Workshop on the Development of Mountain Environment' conference in Munich that warned of' the irretrievable loss to human use of the developing world's mountain resources   in some cases within one or two decades [i.e., the 1980s or 1990s]   unless the present rate of deforestation and land mismanagement can be halted Although supported by little quantitative or longterm data, a widely accepted paradigm for the international development community was established that became the foundation for dozens of multimillion dollar conservation projects throughout the Himalaya-Hindu Kush region.","possible OCR: severe punctuation, quotation, hyphenation, and typographic normalization","In a chapter aptly titled “Refugees from Shangri-La”, Eckholm describes the conclusions of a 1974 International Workshop on the Development of Mountain Environment conference in Munich that warned of the irretrievable loss to human use of the developing world’s mountain resources in some cases within one or two decades (i.e., the 1980s or 1990s), unless the present rate of deforestation and land mismanagement can be halted. Although supported by little quantitative or long-term data, a widely accepted paradigm for the international development community was established that became the foundation for dozens of multimillion-dollar conservation projects throughout the Himalaya–Hindu Kush region."
1567,"Largely initiated by publication of the paper 'Uncertainty on a Himalayan Scale', authors Michael Thompson and Michael Warburton questioned the lack of quantitative data and case studies in illustration of the negative trends, as well as the reliability of popular figures and statistics being used to illustrate the problem.","possible OCR: minor quotation formatting, article omission, and syntactic tightening","Largely initiated by publication of the paper “Uncertainty on a Himalayan Scale”, authors Michael Thompson and Michael Warburton questioned the lack of quantitative data and case studies in illustration of negative trends, as well as the reliability of popular figures and statistics being used to represent the problem."
1572,They included: the establishment of the International Centre for Integrated Mountain Development (IcrmoD) in 1984; ---Page 4 ---THE GREENING OF KHUMBU 141,possible OCR: severe layout contamination and acronym corruption,They included the establishment of the International Centre for Integrated Mountain Development (ICIMOD) in 1984.
1574,"Results of soils and pollen analysis suggest these predominantly southfacing hill slopes were covered by cloud forests of firbirchrhododendron until about 2,000 years ago.",possible OCR: minor hyphenation and compound-word separation errors,"Results of soils and pollen analysis suggest these predominantly south-facing hill slopes were covered by cloud forests of fir–birch–rhododendron until about 2,000 years ago."
1584,"The more I view Toni Hagen's films of his journeys through Nepal in the 1950s and 1960s, reread Harka Gurung's Landscape Change in the Nepal Hills, or flip through Facebook's 'Old Photos of Nepal' page, the more I see hill slopes that look vastly different from the ones seen today.",possible OCR: minor punctuation and typography normalization,"The more I view Toni Hagen’s films of his journeys through Nepal in the 1950s and 1960s, reread Harka Gurung’s Landscape Change in the Nepal Hills, or flip through Facebook’s “Old Photos of Nepal” page, the more I see hill slopes that look vastly different from the ones seen today."
1585,"There were fewer trees, more land was under terraced cultivation, there was much less infrastructure, and overall the landscapes look more stressed and less resilient.",no significant OCR errors detected,"There were fewer trees, more land was under terraced cultivation, there was much less infrastructure, and overall the landscapes look more stressed and less resilient."
1586,"In fact, a 2019 study by the East-West Center showed that forest cover in Nepal between 1992 and 2016 increased from 26 percent to 45 percent, ---Page 5 ---142 THE ALPINE JOURNAL 2021 View of Tashinga, Phortse, and the Tengboche hill from the trail to Namche in 1956.",possible OCR: severe layout contamination and pagination/header insertion,"In fact, a 2019 study by the East-West Center showed that forest cover in Nepal between 1992 and 2016 increased from 26 percent to 45 percent."
1587,(F Muller) based upon the use of comparative Landsat satellite images.,"possible OCR: minor punctuation, diacritic restoration, and spacing normalization",(F. Müller) based upon the use of comparative Landsat satellite images.
1588,"According to a recent article by Kathmandubased journalist Peter Gill, this has primarily been the result of the success of Nepal's community forestry programs, coupled with the massive outmigration of predominantly young men to the Middle East since the early 2000s.","possible OCR: minor hyphenation, possessive punctuation, and spacing normalization","According to a recent article by Kathmandu-based journalist Peter Gill, this has primarily been the result of the success of Nepal’s community forestry programs, coupled with the massive outmigration of predominantly young men to the Middle East since the early 2000s."
1594,---Page 6 ---THE GREEN ING OF KHUMB U 143 View of the Tengboche hill in 2018.,possible OCR: severe layout contamination and pagination/header insertion,---Page 6--- THE GREENING OF KHUMBU 143 View of the Tengboche hill in 2018.
1597,"The proliferation of new roads throughout Nepal is now being linked to an unprecedented overexploitation of rare and medicinal plants because of the easier access provided to formerly remote sites, as well as to increases in landslide frequency, slope instability and river siltation.",possible OCR: minor punctuation normalization and list formatting,"The proliferation of new roads throughout Nepal is now being linked to an unprecedented overexploitation of rare and medicinal plants because of the easier access provided to formerly remote sites, as well as to increases in landslide frequency, slope instability, and river siltation."
1598,"Lewiston and Murton point out while 'outmigration and land abandonment [have] contributed to absolute forest coverage, it has also contributed to declines in soil fertility and increases in invasive species' that in turn impact biodiversity.",possible OCR: severe quotation structure and clause integration errors,"Lewiston and Murton point out that while “outmigration and land abandonment have contributed to absolute forest coverage, it has also contributed to declines in soil fertility and increases in invasive species,” which in turn impact biodiversity."
1599,"Paralleling the development of the 'Theory of Himalayan Degradation', the Sagarmatha (Mount Everest) National Park was frequently cited as a representative case study of historical landscape stability, followed by contemporary landscape change and degradation, in the high Himalaya.","possible OCR: minor capitalization, quotation formatting, and punctuation normalization","Paralleling the development of the “Theory of Himalayan Degradation”, the Sagarmatha (Mount Everest) National Park was frequently cited as a representative case study of historical landscape stability, followed by contemporary landscape change and degradation in the High Himalaya."
1602,"Despite this, ran the argument, ecological stability predominated because of the effectiveness of indigenous management systems.",possible OCR: severe subject omission and clause corruption,"Despite this, ran the argument, ecological stability predominated because of the effectiveness of indigenous management systems."
1603,"---Page 7 ---144 THE ALPINE JOURNAL 2021 Namche Bazaar, Kunde and Khumjung villages as seen from the slopes of Thamserku (6608m) in 1956.","possible OCR: severe layout contamination, pagination header insertion, and minor numeric formatting","Namche Bazaar, Kunde and Khumjung villages as seen from the slopes of Thamserku (6,608 m) in 1956."
1604,"Note the bare, treeless hillslopes above Namche Bazaar (photograph by E Schneider).",possible OCR: minor punctuation normalization and typographic correction,"Note the bare, treeless hillslopes above Namche Bazaar (photograph by E. Schneider)."
1610,"In 1984, I spent 10 months in Khumbu as a PhD candidate in geography from the University of Colorado at Boulder, in part to test the credibility ---Page 8 ---THE GREENING OF KHUMBU 1 4 5 of these widely accepted scenarios of degradation.","possible OCR: severe layout contamination, pagination/header insertion, and spacing fragmentation","In 1984, I spent 10 months in Khumbu as a PhD candidate in geography from the University of Colorado at Boulder, in part to test the credibility of these widely accepted scenarios of degradation."
1611,"Based in the village of Khumjung, I and my botanistgeologist wife, Elizabeth, had ample opportunity to examine each of the various claims of landscape change and disturbance in some detail.","possible OCR: minor hyphenation, punctuation, and compound-role formatting","Based in the village of Khumjung, I and my botanist–geologist wife, Elizabeth, had ample opportunity to examine each of the various claims of landscape change and disturbance in some detail."
1614,"Did they really find a thickly forested wilderness before them, stretching from today's Thame village to Namche Bazaar, to Tengboche, to the treeline at Pangboche?",possible OCR: minor punctuation and possessive/apostrophe normalization,"Did they really find a thickly forested wilderness before them, stretching from today’s Thame village to Namche Bazaar, to Tengboche, to the treeline at Pangboche?"
1616,"According to the region's soils, which are capable of telling their own story the short answer is probably not.",possible OCR: minor punctuation and clause separation error,"According to the region’s soils, which are capable of telling their own story, the short answer is probably not."
1619,"Podzolic soils are still common today within the thick, firbirchrhododendron forests surrounding the Tengboche monastery, and can be seen at trail cuts from Tengboche to Debouche.","possible OCR: minor compound-word separation, capitalization, and place-name errors","Podzolic soils are still common today within the thick, fir–birch–rhododendron forests surrounding the Tengboche Monastery, and can be seen at trail cuts from Tengboche to Deboche."
1625,"The final conversion from open woodland to shrubgrassland took place between 400 to 800 years ago, meaning that while most books still maintain that the Sherpa were the valley's first inhabitants, beginning with their immigration from Tibet some 500 years ago, our data suggested that people had been visiting and burning the forests on the southfacing slopes of the region for at least 2,000 years, and perhaps as much as 5,000 years ago.","possible OCR: minor hyphenation, range formatting, and compound-word normalization","The final conversion from open woodland to shrub–grassland took place between 400 and 800 years ago, meaning that while most books still maintain that the Sherpa were the valley’s first inhabitants, beginning with their immigration from Tibet some 500 years ago, our data suggested that people had been visiting and burning the forests on the south-facing slopes of the region for at least 2,000 years, and perhaps as much as 5,000 years ago."
1629,"Mendaphu hill (b), site of the national park and army base, is beginning to darken with tree growth, although all trees were cut down in the following year because of security concerns related to the Maoist insurgency.","possible OCR: minor capitalization, punctuation, and typographic normalization","Mendaphu Hill (b), site of the national park and army base, is beginning to darken with tree growth, although all trees were cut down in the following year because of security concerns related to the Maoist insurgency."
1632,"Sherpa oral traditions speak of certain ruins in the Khumbu alpine zone as belonging to ancient Rai livestock herders, and Rai dami (healers) still travel to Khumbu to find certain medicinal and ritual plants.",no significant OCR errors detected,"Sherpa oral traditions speak of certain ruins in the Khumbu alpine zone as belonging to ancient Rai livestock herders, and Rai dami (healers) still travel to Khumbu to find certain medicinal and ritual plants."
1638,"(L N Sherpa) photographs taken over a period of time of a landscape, glacier or village.","possible OCR: minor punctuation, spacing, and list-comma normalization","(L. N. Sherpa) photographs taken over a period of time of a landscape, glacier, or village."
1644,"Timelapse satellite imagery and aerial photography can provide additional insights to more recent changes that have occurred, particularly with phenomena such as receding glaciers, growing glacial lakes, largescale deforestation and other major features.","possible OCR: minor spacing, hyphenation, and preposition correction","Timelapse satellite imagery and aerial photography can provide additional insights into more recent changes that have occurred, particularly with phenomena such as receding glaciers, growing glacial lakes, large-scale deforestation, and other major features."
1645,"In brief, replication of photographs taken of Khumbu landscapes by the early climberscientists of the 1950s suggested that, in contrast to ---Page 11 ---148 THE ALPINE JOURNAL 2021 catastrophic levels of land degradation reported in the literature, much of the Khumbu was still well forested, resilient and rebounding.","possible OCR: severe layout contamination, pagination header insertion, and compound-hyphenation error","In brief, replication of photographs taken of Khumbu landscapes by the early climber-scientists of the 1950s suggested that, in contrast to catastrophic levels of land degradation reported in the literature, much of the Khumbu was still well forested, resilient, and rebounding."
1649,"For example, Figure 5 shows a view of Phortse, Tashinga and the Tengboche hill from the Namche trail in 1956, taken by the Swiss-Canadian glaciologist Dr Fritz Muller while on his way to the Khumbu glacier.","possible OCR: minor punctuation, capitalization, and diacritic normalization","For example, Figure 5 shows a view of Phortse, Tashinga, and the Tengboche Hill from the Namche trail in 1956, taken by the Swiss-Canadian glaciologist Dr. Fritz Müller while on his way to the Khumbu Glacier."
1650,"Figure 6 shows the same scene again in 2018, where considerable growth of colonising Pinus wallichiana upon the southfacing slopes to the left, and firbirchrhododendron upon the more northerly facing slopes to the right, is clearly visible.","possible OCR: minor hyphenation, botanical formatting, and compound-word normalization","Figure 6 shows the same scene again in 2018, where considerable growth of colonising Pinus wallichiana upon the south-facing slopes to the left, and fir–birch–rhododendron upon the more northerly facing slopes to the right, is clearly visible."
1666,"Hundreds of thousands of fir, juniper, pine and other native species have been raised in nurseries located throughout the park and then planted in exclosures in the vicinity of major villages.",possible OCR: minor punctuation normalization and list formatting,"Hundreds of thousands of fir, juniper, pine, and other native species have been raised in nurseries located throughout the park and then planted in exclosures in the vicinity of major villages."
1667,Fortyfive plantations totalling some 165 hectares have been planted since 1981.,possible OCR: minor hyphenation and number-word boundary error,Forty-five plantations totalling some 165 hectares have been planted since 1981.
1669,"Finally, climate change, especially warmer temperatures and increasing rainfall in Khumbu, may have facilitated more rapid tree growth in combination with the decreasing pressures of pack animals and fuel wood collection.",possible OCR: minor compounding and spacing normalization,"Finally, climate change, especially warmer temperatures and increasing rainfall in Khumbu, may have facilitated more rapid tree growth in combination with the decreasing pressures of pack animals and fuelwood collection."
1675,"Several of the claims made at the time were clearly overstated; von Filrer-Haimendorrs observation, that 'whole hillsides [above Namche Bazaar] which were densely forested in 1957 are now [1975] bare of tree growth,' is simply not supported by the photographic evidence.","possible OCR: minor diacritic, punctuation, and quotation structure normalization",Several of the claims made at the time were clearly overstated; von Fürer-Haimendorf’s observation that “whole hillsides [above Namche Bazaar] which were densely forested in 1957 are now bare of tree growth” is simply not supported by the photographic evidence.
1676,One glance at Figure 7 shows that there were no 'forested hillsides above Namche Bazaar' in 1956.,possible OCR: minor quotation formatting normalization,One glance at Figure 7 shows that there were no “forested hillsides above Namche Bazaar” in 1956.
1677,"As mentioned, my own soil erosion research found that while many hill slopes may look 'degraded' and 'erodible', they are in fact quite stable in a geomorphic since thanks to the soil binding quality of the local shrubs and vegetation.",possible OCR: spelling error and punctuation inconsistency,"As mentioned, my own soil erosion research found that while many hill slopes may look ‘degraded’ and ‘erodible’, they are in fact quite stable in a geomorphic sense thanks to the soil-binding quality of the local shrubs and vegetation."
1680,Villagers were still recovering from the impacts of forest nationalisation that were enforced in the late 1950s.,no significant OCR errors detected,Villagers were still recovering from the impacts of forest nationalisation that were enforced in the late 1950s.
1691,Our ascent of the Forbes Arete on the Aiguille du Chardonnet next day was a wonderful lifeaffirming experience.,possible OCR: word concatenation and hyphenation inconsistency,Our ascent of the Forbes Arete on the Aiguille du Chardonnet the next day was a wonderful life-affirming experience.
1700,My twohour time 15 ---Page 2 ---16 THE ALPINE JOURNAL 2021 The classic view of the north face of the Aiguille du Chardonnet from the Albert Premier hut.,"possible OCR: severe formatting corruption, header intrusion, and spacing loss",My two-hour time 15. — Page 2 — 16 The Alpine Journal 2021 — The classic view of the north face of the Aiguille du Chardonnet from the Albert Premier Hut.
1702,The North Spur takes the central buttress right of the fluted ice face and the descent down the west ridge follows the right skyline to the sloping col Adams Reilly.,possible OCR: minor punctuation omission and capitalization inconsistency,"The North Spur takes the central buttress right of the fluted ice face, and the descent down the west ridge follows the right skyline to the sloping Col Adams Reilly."
1703,The recalcitrant double bergschrund lies directly below in the shadow of Aiguille Adams Reilly.,possible OCR: minor capitalization inconsistency,The recalcitrant double bergschrund lies directly below in the shadow of Aiguille Adams Reilly.
1706,"On the mountain's southwest face, just north of the col du Chardonnet, there are three attractive pillars comprising perfect Chamonix granite.",possible OCR: minor punctuation and capitalization normalization,"On the mountain’s southwest face, just north of the Col du Chardonnet, there are three attractive pillars comprising perfect Chamonix granite."
1707,Jean-Franck Charlet climbed the right and left pillars in the 1970s but the central line was unclimbed.,possible OCR: minor punctuation omission,"Jean-Franck Charlet climbed the right and left pillars in the 1970s, but the central line was unclimbed."
1708,"Tom and I made the long approach up the Chardonnet glacier in August 2013 and, after a bivouac, climbed the pillar in 10 sustained pitches to the summit of Pt 3660m, a prominent subpeak of the mountain.",possible OCR: minor capitalization and metric formatting inconsistencies,"Tom and I made the long approach up the Chardonnet Glacier in August 2013 and, after a bivouac, climbed the pillar in 10 sustained pitches to the summit of Pt 3660 m, a prominent subpeak of the mountain."
1725,We expected to climb the route in a day and were travelling light but had underestimated the difficulties.,possible OCR: minor punctuation omission,"We expected to climb the route in a day and were travelling light, but had underestimated the difficulties."
1727,"Still, June days are long and the weather forecast was good, so we pressed on up easier climbing on the upper part of the spur in the full knowledge that we would be spending a night out.",possible OCR: minor punctuation omission,"Still, June days are long and the weather forecast was good, so we pressed on up easier climbing on the upper part of the spur, in the full knowledge that we would be spending a night out."
1729,We were even more surprised when the drizzle turned to rain and we spent the night curled up in our lightweight waterproofs willing morning to arrive.,possible OCR: minor punctuation omission,"We were even more surprised when the drizzle turned to rain, and we spent the night curled up in our lightweight waterproofs, willing morning to arrive."
1738,it with short rock routes in the Aiguilles Rouges and a wintry traverse,possible OCR: sentence fragment / missing leading context,it with short rock routes in the Aiguilles Rouges and a wintry traverse
1740,the Aiguilles d'Entreves.,possible OCR: apostrophe and diacritic normalization,the Aiguilles d’Entrèves
1741,It started to snow on one of the Aiguilles Rouges routes and we caused consternation among neighbouring continental teams when we continued climbing rather than abseiling off.,possible OCR: minor punctuation omission,"It started to snow on one of the Aiguilles Rouges routes, and we caused consternation among neighbouring continental teams when we continued climbing rather than abseiling off."
1748,The sun is rising fast but the left wall of the corner is in shade and still frozen so we make good progress in two long rope lengths to the crest.,possible OCR: minor punctuation omission and clause separation errors,"The sun is rising fast, but the left wall of the corner is in shade and still frozen, so we make good progress in two long rope lengths to the crest."
1773,"The only possibility is to aid climb up an overhanging corner at the right end of the ledge but it's running with water, with a small stream pouring down its left wall.",possible OCR: minor hyphenation and punctuation inconsistency,"The only possibility is to aid-climb up an overhanging corner at the right end of the ledge, but it's running with water, with a small stream pouring down its left wall."
1778,Hopefully things will look better in the morning.',possible OCR: trailing punctuation error,Hopefully things will look better in the morning.
1780,"The way ahead is in shadow and it is difficult to see exactly where to go, but I know that a good night's sleep will make everything look far more amenable, especially in the morning sunshine.",possible OCR: minor punctuation and typographic inconsistency,"The way ahead is in shadow and it is difficult to see exactly where to go, but I know that a good night’s sleep will make everything look far more amenable, especially in the morning sunshine."
1784,"The weather had clouded in during the day, ---Page 7 ---THE CHARDONNET FROM END TO END 21 Looking back on day two along the horizontal crest with the north face of the Aiguille d'Argentiere in the background.","possible OCR: severe layout contamination, heading fragmentation, and punctuation corruption",The weather had clouded in during the day. — Page 7 — The Chardonnet from End to End 21 — Looking back on day two along the horizontal crest with the north face of the Aiguille d’Argentière in the background.
1787,"We wake to the pink glow of dawn over the Valais skyline and the familiar outline of the Weisshorn, Dent Blanche and Matterhorn.",possible OCR: minor punctuation omission,"We wake to the pink glow of dawn over the Valais skyline and the familiar outline of the Weisshorn, Dent Blanche, and Matterhorn."
1796,Starting from France on the south side of the ridge the Charlet-Belin pillar gains the same notch that I reached the evening before.,"possible OCR: punctuation, hyphenation, and capitalization inconsistencies","Starting from France on the south side of the ridge, the Charlet–Belin Pillar gains the same notch that I reached the evening before."
1813,"East Pillar from the Chardonnet Glacier (TD) (Bel,Charlet 1971)",possible OCR: punctuation spacing and comma omission,"East Pillar from the Chardonnet Glacier (TD) (Bel, Charlet, 1971)"
1840,"When the ice runs out, we start abseiling.",no significant OCR errors detected,"When the ice runs out, we start abseiling."
1841,Eventually we gain the gentle slopes leading to the col Adams Reilly but the ice is so hard that we have to abseil here too.,possible OCR: minor capitalization and punctuation normalization,"Eventually we gain the gentle slopes leading to the Col Adams Reilly, but the ice is so hard that we have to abseil here too."
1849,"THE ALPINE JOURNAL 2021 1 Scottish Route (ID) 2 East Couloir (AD) 3 Adains-Crettex Route (AD) SSea of Slabs, T  Central Tower R-Righttrending Ramp, C   Final Crest","possible OCR: severe formatting, spacing, and structural corruption","The Alpine Journal 2021 1. Scottish Route 2. East Couloir (AD) 3. Adains–Crettex Route (AD) 4. Sea of Slabs, T Central Tower 5. R – Right-trending Ramp 6. C – Final Crest"
1853,"I need to travel to Germany early next morning, so we walk down to the valley through the night, happy and fulfilled after an exciting adventure.",possible OCR: minor temporal phrasing inconsistency,"I need to travel to Germany early the next morning, so we walk down to the valley through the night, happy and fulfilled after an exciting adventure."
1860,"Complete eastwest traverse of the Aiguille du Chardonnet (3824m) via East Ridge Integrate (800m, TD), Rick Allen and Simon Richardson, 4-6 Jul 2017.","possible OCR: hyphenation, spacing, and typographic normalization","Complete east–west traverse of the Aiguille du Chardonnet (3824 m) via East Ridge Integrale (800 m, TD), Rick Allen and Simon Richardson, 4–6 Jul 2017."
1862,His obituary will be published in next year's Alpine Journal.,possible OCR: minor punctuation and typographic formatting,His obituary will be published in next year’s Alpine Journal.
1868,It is actually far too grand a title for what are essentially two hill farms put together with their respective blanket bog and heather moorland.,no significant OCR errors detected,It is actually far too grand a title for what are essentially two hill farms put together with their respective blanket bog and heather moorland.
1869,"The word estate refers only to how I remember the more sustainably managed land where I was brought up in Shropshire some 25 miles away, and the extensive, as opposed to intensive farming practices and tree planting still undertaken at that time.",possible OCR: minor punctuation omission and clause separation,"The word estate refers only to how I remember the more sustainably managed land where I was brought up in Shropshire some 25 miles away, and the extensive, as opposed to intensive, farming practices and tree planting still undertaken at that time."
1882,"When I took over the farms, there was a river polluted from sheep dipping, plastic silage bags blowing around in the wind and hanging on the thorny spikes of hedgerows, not a tree planted for several generations, no more hay meadows, grossly overgrazed fields and sheep dip, or nowadays 'pouron' having killed all the dung beetles because it poisoned sheep faeces.",possible OCR: punctuation degradation and clause boundary confusion,"When I took over the farms, there was a river polluted from sheep dipping, plastic silage bags blowing around in the wind and hanging on the thorny spikes of hedgerows, not a tree planted for several generations, no more hay meadows, grossly overgrazed fields, and sheep dip or, nowadays, ‘pour-on’, having killed all the dung beetles because it poisoned sheep faeces."
1890,"So, when I set about reversing the fate of this bit of land, I found it hugely rewarding and still do every day.",no significant OCR errors detected,"So, when I set about reversing the fate of this bit of land, I found it hugely rewarding and still do every day."
1894,"Nature requires the longterm view Planting trees is very long term but once a tree is over the first decade of establishing itself, even the mighty oak will give the planter a reward, much sooner than he might have thought.",possible OCR: punctuation omission and hyphenation inconsistency,"Nature requires the long-term view. Planting trees is very long term, but once a tree is over the first decade of establishing itself, even the mighty oak will give the planter a reward much sooner than he might have thought."
1902,"And increasingly we're more interested in the Internet and the world on a screen, while the real world suffers so appallingly.",possible OCR: minor capitalization and punctuation normalization,"And increasingly we’re more interested in the internet and the world on a screen, while the real world suffers so appallingly."
1903,There is now in Wales a consultation for the Agriculture Wales Bill.,possible OCR: minor phrasing and legislative title correction,There is now in Wales a consultation on the Agriculture (Wales) Bill.
1907,"They have, ---Page 3 ---RESTORING THE MOUNTAINS OF WALES 153 though, been considerably better in the forestry sector, which we will come to in due course.",possible OCR: severe layout/header contamination and punctuation fragmentation,"They have, though, been considerably better in the forestry sector, which we will come to in due course."
1908,"Environmentalist Iolo Williams, writing for Wales Online recently, described his beloved Welsh countryside as a 'green desert'.",possible OCR: minor punctuation and formatting normalization,"Environmentalist Iolo Williams, writing for WalesOnline recently, described his beloved Welsh countryside as a “green desert”."
1913,Cheap food means a cheap environment which is why as a nation we will have to keep supporting agriculture but in quite a different way.,possible OCR: minor punctuation omission,"Cheap food means a cheap environment, which is why as a nation we will have to keep supporting agriculture but in quite a different way."
1921,The taxpayer needs to support the organic farmer so that he can still sell his produce at the same price as the traditional production.,possible OCR: missing article,The taxpayer needs to support the organic farmer so that he can still sell his produce at the same price as traditional production.
1924,"But it's not a matter of reverting to something, it's about sustainability and everyone knows what that means.",possible OCR: minor punctuation omission,"But it's not a matter of reverting to something, it's about sustainability, and everyone knows what that means."
1936,"Much of the responsibility lies with agriculture and farming, which covers 70  of the UK.",possible OCR: missing symbol and spacing corruption,"Much of the responsibility lies with agriculture and farming, which covers 70% of the UK."
1938,I will start with the practice of silage ---Page 4 ---154 THE ALPIN E JOURN A L 2 0 2 1 harvesting instead of haymaking from traditional hay meadows.,possible OCR: severe layout/header contamination and line-break fragmentation,I will start with the practice of silage harvesting instead of haymaking from traditional hay meadows.
1939,And while it is easy to say what is wrong I will try to show the positive things that can be done to effect changes.,possible OCR: minor punctuation omission and word choice normalization,"And while it is easy to say what is wrong, I will try to show the positive things that can be done to effect change."
1942,Silage fields have been described as having about the same biodiversity as a billiard table.,no significant OCR errors detected,Silage fields have been described as having about the same biodiversity as a billiard table.
1944,"They are fertilised with artificial nitrogen that leaches into watercourses and rivers, not to mention silage effluent from silage clamps.",no significant OCR errors detected,"They are fertilised with artificial nitrogen that leaches into watercourses and rivers, not to mention silage effluent from silage clamps."
1947,"This and ploughing high on hillsides, where heather and scrub would normally grow, is an appalling practice producing excess carbon dioxide, severe runoff and compaction.",possible OCR: minor punctuation omission and clause separation error,"This, and ploughing high on hillsides where heather and scrub would normally grow, is an appalling practice producing excess carbon dioxide, severe runoff, and compaction."
1949,"Some also say, with the continued use of chemicals, we are down to the last decade or two of soil fertility.",possible OCR: minor grammatical insertion and clause smoothing,"Some also say that, with the continued use of chemicals, we are down to the last decade or two of soil fertility."
1952,"In the USA there are farmers adopting continuous cover cropping, not ploughing but direct drilling crops, who are making more money than those buying ever more expensive artificial fertilisers and sprays.",possible OCR: minor hyphenation and punctuation inconsistency,"In the USA there are farmers adopting continuous cover cropping, not ploughing but direct-drilling crops, who are making more money than those buying ever more expensive artificial fertilisers and sprays."
1953,Direct drilling keeps carbon locked in the soil.,no significant OCR errors detected,Direct drilling keeps carbon locked in the soil.
1955,The technology is there for direct drilling.,no significant OCR errors detected,The technology is there for direct drilling.
1969,"And it is always the small creatures at the base of the food chain that matter most, whether we are talking insects in Wales or krill in the Southern Ocean.",no significant OCR errors detected,"And it is always the small creatures at the base of the food chain that matter most, whether we are talking insects in Wales or krill in the Southern Ocean."
1989,That should be a possibility within the new stewardship schemes.,no significant OCR errors detected,That should be a possibility within the new stewardship schemes.
1996,"(Ironically, it is now under threat from a huge housing development.)",no significant OCR errors detected,"(Ironically, it is now under threat from a huge housing development.)"
2003,It is a misconception that simply planting hedges can alleviate all the ills of modern farming.,no significant OCR errors detected,It is a misconception that simply planting hedges can alleviate all the ills of modern farming.
2008,They alone will not reverse the destruction without the scrub areas mentioned above and without very large margins either side of those hedges that are also left to 'wild'.,possible OCR: minor punctuation omission and grammatical smoothing,"They alone will not reverse the destruction without the scrub areas mentioned above, and without very large margins either side of those hedges that are also left to ‘wild’."
2017,That makes room in our hedges for some 32 million trees.,no significant OCR errors detected,That makes room in our hedges for some 32 million trees.
2019,This plan in any agriculture bill would be a 'no brainer' and should form part of Wales' nature recovery.,possible OCR: punctuation and typographic normalization,This plan in any agriculture bill would be a “no-brainer” and should form part of Wales’ nature recovery.
2020,"Even so, this will only go halfway to replacing the estimated 80 million ash trees that are thought will be lost over the next decade from ash dieback.",possible OCR: minor grammatical correction and tense consistency,"Even so, this will only go halfway to replacing the estimated 80 million ash trees that are expected to be lost over the next decade from ash dieback."
2023,"We need to understand a great deal more about how to plant trees, instead of simply getting confused with all the figures bandied around by various political parties vying to plant more millions of trees than their rivals.",no significant OCR errors detected,"We need to understand a great deal more about how to plant trees, instead of simply getting confused with all the figures bandied around by various political parties vying to plant more millions of trees than their rivals."
2029,"This is the best way to manage woodland, taking out groups of trees and replanting rather than the hideous clear felling practised in the UK.",possible OCR: minor punctuation and hyphenation inconsistency,"This is the best way to manage woodland, taking out groups of trees and replanting, rather than the hideous clear-felling practised in the UK."
2030,"This is the fault of the Forestry Commission, which allows such destructive practices through felling licences.",no significant OCR errors detected,"This is the fault of the Forestry Commission, which allows such destructive practices through felling licences."
2031,With clear felling you get a wood that's up to 50 years old and then that's it: no more old trees.,possible OCR: minor hyphenation and punctuation inconsistency,With clear-felling you get a wood that’s up to 50 years old and then that’s it: no more old trees.
2040,"On gorse and bracken hillsides in the Berwyns of north Wales, I have planted oak very cheaply in tubes 1.2m high at very wide spacings with the intention that it will look like natural regeneration.",possible OCR: minor spacing and punctuation inconsistency in metric notation,"On gorse and bracken hillsides in the Berwyns of north Wales, I have planted oak very cheaply in tubes 1.2 m high at very wide spacings, with the intention that it will look like natural regeneration."
2043,These will never be thinned and will be there for hundreds of years.,no significant OCR errors detected,These will never be thinned and will be there for hundreds of years.
2044,Such hillside planting of indigenous broadleaf prevents excessive runoff normally exacerbated by the puddling effect of the feet of too many sheep.,possible OCR: minor punctuation omission and word completion,"Such hillside planting of indigenous broadleaf trees prevents excessive runoff, normally exacerbated by the puddling effect of the feet of too many sheep."
2049,Look out of your car window anywhere in rural Wales and the possibilities are endless.,possible OCR: minor punctuation omission,"Look out of your car window anywhere in rural Wales, and the possibilities are endless."
2057,You will have little problem growing trees on bracken ground and there is plenty of that in Wales.,possible OCR: minor punctuation omission,"You will have little problem growing trees on bracken ground, and there is plenty of that in Wales."
2075,"This is not just from use of diesel and the manufacture of chemicals and fertiliser or indeed methane from animals, all of which are significant.","possible OCR: minor article omission, punctuation, and clause structuring","This is not just from the use of diesel and the manufacture of chemicals and fertiliser, or indeed methane from animals, all of which are significant."
2077,"This has been measured, more easily done these days by satellites (again, see the film 'Kiss the Ground'), revealing that the CO2 released in the northern hemisphere goes up hugely in March to May when the soil is bare.",possible OCR: minor typographic and punctuation normalization,"This has been measured, more easily done these days by satellites (again, see the film Kiss the Ground), revealing that the CO₂ released in the northern hemisphere goes up hugely from March to May when the soil is bare."
2079,"It is simply unnecessary to emit this seasonal CO2, which can be alleviated by direct drilling.",possible OCR: minor scientific notation correction,"It is simply unnecessary to emit this seasonal CO₂, which can be alleviated by direct drilling."
2085,Such reduction will be resisted as ever by the National Farmers Union but there will be no chance of meeting climate change targets or increasing biodiversity in permanent pasture without doing this.,possible OCR: minor punctuation and possessive formatting,"Such reduction will be resisted as ever by the National Farmers’ Union, but there will be no chance of meeting climate change targets or increasing biodiversity in permanent pasture without doing this."
2086,The industry can bury its head in the sand but the problem will not go away.,possible OCR: minor punctuation omission,"The industry can bury its head in the sand, but the problem will not go away."
2087,"What's more, by reducing grazing in the uplands and planting trees on hillsides, huge amounts of money will be saved from reduced flooding costs.",possible OCR: minor punctuation and contraction formatting,"What’s more, by reducing grazing in the uplands and planting trees on hillsides, huge amounts of money will be saved from reduced flooding costs."
2103,Commercial Bird Shoots In the early 1970s around four million pheasants and partridges were released into the British countryside.,possible OCR: punctuation and capitalization formatting,Commercial Bird Shoots: In the early 1970s around four million pheasants and partridges were released into the British countryside.
2104,By the end of the last decade that number had risen to 60 million.,no significant OCR errors detected,By the end of the last decade that number had risen to 60 million.
2112,"From 2021 the Department for Environment, Farming and Rural Affairs (Defra) will require shoots in England to seek a licence to release the captivebred birds within 500 metres of protected areas.","possible OCR: minor punctuation, hyphenation, and metric unit formatting","From 2021, the Department for Environment, Farming and Rural Affairs (Defra) will require shoots in England to seek a licence to release the captive-bred birds within 500 m of protected areas."
2113,Wales will need to follow This is not a moral statement about shooting.,possible OCR: sentence boundary loss / missing full stop,Wales will need to follow. This is not a moral statement about shooting.
2119,There will soon be cases to clarify this but meanwhile the various conservation agencies need to take action.,possible OCR: minor punctuation omission and clause separation error,"There will soon be cases to clarify this, but meanwhile the various conservation agencies need to take action."
2120,"Even Natural Resources Wales acknowledges that with so many dead carcasses and road kill from these shoots, there is now an unnatural number of buzzards and red kites in certain areas, and a surge in mammal scavengers, particularly foxes, which eat rare native species.",possible OCR: minor compounding normalization,"Even Natural Resources Wales acknowledges that with so many dead carcasses and roadkill from these shoots, there is now an unnatural number of buzzards and red kites in certain areas, and a surge in mammal scavengers, particularly foxes, which eat rare native species."
2130,"And if we don't look at it like that, then there is little hope that we will consider it important enough to do something about.",possible OCR: minor pronoun repetition and contraction normalization,"And if we don’t look at it like that, then there is little hope that we will consider it important enough to do something about it."
2131,"David Attenborough said in January 2021, 'if we continue our current path, we will face the collapse of everything that gives us our security: food production, access to fresh water, habitable ambient temperature and ocean food chains.'","possible OCR: minor punctuation, capitalization, and list formatting","David Attenborough said in January 2021, “If we continue our current path, we will face the collapse of everything that gives us our security: food production, access to fresh water, habitable ambient temperature, and ocean food chains.”"
2133,I will add one thing.,no significant OCR errors detected,I will add one thing.
2134,Those who have chosen the path of politics have assumed the greatest responsibility of all.,no significant OCR errors detected,Those who have chosen the path of politics have assumed the greatest responsibility of all.
2135,"They need to move very quickly on this or be the ones pilloried by history and the ones subjecting future generations to a degraded world that must inevitably lead, in time, to great upheaval.",no significant OCR errors detected,"They need to move very quickly on this or be the ones pilloried by history and the ones subjecting future generations to a degraded world that must inevitably lead, in time, to great upheaval."
2138,COLLISTER A Flower with Latitude Encounters with Purple Saxifrage Purple saxifrage in Cwm Idwal.,possible OCR: severe title segmentation and punctuation normalization,COLLISTER: A Flower with Latitude — Encounters with Purple Saxifrage. Purple saxifrage in Cwm Idwal.
2140,"It was during a prolonged dry spell: longdead bracken stalks crackled underfoot, mosses were brown and desiccated, and I was able to amble dry shod where normally angels would fear to tread without wellies.",possible OCR: minor hyphenation and compounding errors,"It was during a prolonged dry spell: long-dead bracken stalks crackled underfoot, mosses were brown and desiccated, and I was able to amble dry-shod where normally angels would fear to tread without wellies."
2142,I headed up grass and scree aiming for the bottom end of a band of crags that slants steeply up the hillside all the way to the ridge crest far above.,possible OCR: minor punctuation omission,"I headed up grass and scree, aiming for the bottom end of a band of crags that slants steeply up the hillside all the way to the ridge crest far above."
2146,"This always flowers early (I found it once in the Devil's Kitchen, TwIl Du, on 8 February) but it was still a delightful surprise since I had not been consciously looking for it.","possible OCR: minor diacritic, place-name, and punctuation normalization","This always flowers early (I found it once in the Devil’s Kitchen, Twll Du, on 8 February) but it was still a delightful surprise since I had not been consciously looking for it."
2147,"The sight induced the same sort of excitement as hearing the first cuckoo of the year, a reassuringly familiar yet significant milestone in the annual cycle.",no significant OCR errors detected,"The sight induced the same sort of excitement as hearing the first cuckoo of the year, a reassuringly familiar yet significant milestone in the annual cycle."
2148,"The excellent new book by Jim Langley and Paul Gannonl tells me that the purple saxifrage (saxifraga oppositifilia) holds the record for the highest flowering plant in the Alps, having been recorded at 4,450m on the Dom, in Switzerland.","possible OCR: minor author-name corruption, scientific nomenclature formatting, and spacing normalization","The excellent new book by Jim Langley and Paul Gannon tells me that the purple saxifrage (Saxifraga oppositifolia) holds the record for the highest flowering plant in the Alps, having been recorded at 4,450 m on the Dom in Switzerland."
2150,As the climate warms it will become increasingly uncommon here.,possible OCR: minor punctuation omission,"As the climate warms, it will become increasingly uncommon here."
2152,"In the startling boldness of its colour and its ability to thrive in the most inhospitable places it has rivals, o f course: kingofthe-Alps (ernichium nanum) springs to mind, or moss campion (silene acaulls), perhaps.","possible OCR: severe hyphenation, spacing, and scientific nomenclature errors","In the startling boldness of its colour and its ability to thrive in the most inhospitable places, it has rivals, of course: king-of-the-Alps (Eritrichium nanum) springs to mind, or moss campion (Silene acaulis), perhaps."
2166,"Lacking today's obligatory props of satellite phone or emergency beacon, we were far from any possible help should things go wrong.",possible OCR: minor punctuation and contraction normalization,"Lacking today’s obligatory props of satellite phone or emergency beacon, we were far from any possible help should things go wrong."
2175,"In fact, I seem to have found this lovely plant everywhere; everywhere that the rocks contain some calcium and can be described as baserich, that is: at sealevel in the Lyngen Alps, Norway, having been dropped by boat to ski up Rieldcavarri, one May; in profusion on bare shale around the Dix hut above Arolla; on the sundrenched limestone walls of the Tenailles de Mont Brison in the Ecrins; nearer home, on the basalt escarpment of the Quirang on Skye and where basalt has been intruded into the gabbro of the Cuillin.","possible OCR: severe hyphenation, spacing, capitalization, and toponym/scientific-text normalization","In fact, I seem to have found this lovely plant everywhere; everywhere that the rocks contain some calcium and can be described as base-rich, that is: at sea level in the Lyngen Alps, Norway, having been dropped by boat to ski up Rieldcavarri one May; in profusion on bare shale around the Dix Hut above Arolla; on the sun-drenched limestone walls of the Tenailles de Mont Brison in the Écrins; nearer home, on the basalt escarpment of the Quiraing on Skye; and where basalt has been intruded into the gabbro of the Cuillin."
2181,"I met Evan just the once, after he had gone blind, when he was still able to describe in detail how to find the colony of mountain avens (dryas octopetala) that flourishes in a most unlikely spot in the Carneddau.",possible OCR: minor scientific nomenclature capitalization correction,"I met Evan just the once, after he had gone blind, when he was still able to describe in detail how to find the colony of mountain avens (Dryas octopetala) that flourishes in a most unlikely spot in the Carneddau."
2187,"For a few seconds my absorption was complete and when I reawakened it was with an inkling of what Jim Perrin meant when he wrote of, 'those acts of attention that are the profoundest prayer': prayer in the sense of stillness and loss of self, anyway.",possible OCR: minor quotation formatting and punctuation normalization,"For a few seconds my absorption was complete and when I reawakened it was with an inkling of what Jim Perrin meant when he wrote of “those acts of attention that are the profoundest prayer”: prayer in the sense of stillness and loss of self, anyway."
2189,"Finally, I emerged from the shaded, icecarved north face onto sunlit grassland, grateful and glad at heart, happy to leave the summit to the multitude toiling up the Llanberis path even at this time of year.","possible OCR: minor hyphenation, capitalization, and proper noun normalization","Finally, I emerged from the shaded, ice-carved north face onto sunlit grassland, grateful and glad at heart, happy to leave the summit to the multitude toiling up the Llanberis Path even at this time of year."
2192,(Courtesy of Tony Astill www_mountainpaintings.org) 215 ---Page 2 ---LINDSAY GRIFFIN Alps   Dolomites 2020 The southsoutheast face of the Grandes Jorasses.,"possible OCR: severe layout contamination, pagination/header insertion, and spacing normalization","(Courtesy of Tony Astill, www.mountainpaintings.org) The south-southeast face of the Grandes Jorasses."
2204,"The lower section is characterised by steep, compact granite, while the upper sports a pronounced central pillar.",no significant OCR errors detected,"The lower section is characterised by steep, compact granite, while the upper sports a pronounced central pillar."
2205,Right of this pillar a huge 217 ---Page 3 ---218 THE ALPINE JOURNAL 2021 The Tronchey Wall of the Grandes Jorasses seen from the upper Pra Sec glacier.,"possible OCR: severe layout contamination, pagination/header insertion, and sentence truncation",The Tronchey Wall of the Grandes Jorasses seen from the upper Pra Sec glacier.
2212,They then proceeded up the more enjoyable central pillar to the summit of Pointe Walker.,no significant OCR errors detected,They then proceeded up the more enjoyable central pillar to the summit of Pointe Walker.
2214,"Later, visionary ice climber Gian Carlo Grassi saw another possibility: ephemeral ice smears leading to the huge gully.",no significant OCR errors detected,"Later, visionary ice climber Gian Carlo Grassi saw another possibility: ephemeral ice smears leading to the huge gully."
2219,"Instead, the three made a delicate and irreversible 200m rising traverse over snowcovered slabs to reach the hanging couloirdepression left of the central pillar.","possible OCR: minor spacing, hyphenation, and compound-word normalization","Instead, the three made a delicate and irreversible 200 m rising traverse over snow-covered slabs to reach the hanging couloir-depression left of the central pillar."
2228,"High winds and poor visibility accompanied the difficult climbing in the upper section and they arrived on the summit 10 hours later, only two hours faster than the 1985 ascensionists.",possible OCR: minor punctuation omission and clause separation error,"High winds and poor visibility accompanied the difficult climbing in the upper section, and they arrived on the summit 10 hours later, only two hours faster than the 1985 ascensionists."
2231,"One of the most impressive summer second ascents in the massif came on 18 July when Federica Mingolla, at 26 years old one of Italy's leading female alpinists, and Leonardo Gheza repeated Incroyable on the Red Pillar of Brouillard, Mont Blanc.","possible OCR: minor punctuation, possessive apostrophe, and typographic normalization","One of the most impressive summer second ascents in the massif came on 18 July when Federica Mingolla, at 26 years old one of Italy’s leading female alpinists, and Leonardo Gheza repeated Incroyable on the Red Pillar of Brouillard, Mont Blanc."
2232,"By the end of the 1980s the smooth walls forming the crest of the Red Pillar, right of the classic Bonatti-Oggioni, had been crossed by three routes: Via del Dilettanti (1980), Gabarrou-Long (1983), and Les Anneaux Magiques (1989).",possible OCR: minor punctuation and typographic styling normalization,"By the end of the 1980s the smooth walls forming the crest of the Red Pillar, right of the classic Bonatti-Oggioni, had been crossed by three routes: Via del Dilettanti (1980), Gabarrou-Long (1983), and Les Anneaux Magiques (1989)."
2234,"Over two days, 30 June and 1 July, and with new climbing partners, Francois Cazzanelli and Francesco Ratti, Bordella created Incroyable between Anneaux Magiques and the Gabarrou-Long, finishing the climb on the good ledges below the last top section of the pillar (also the finishing point of Les Anneaux Magiques).","possible OCR: minor diacritic, hyphenation, and typographic consistency corrections","Over two days, 30 June and 1 July, and with new climbing partners François Cazzanelli and Francesco Ratti, Bordella created Incroyable between Anneaux Magiques and the Gabarrou–Long, finishing the climb on the good ledges below the last top section of the pillar (also the finishing point of Les Anneaux Magiques)."
2236,"However, the route was not climbed free; that had to wait until the 8 July when Bordella returned with Cazzanelli, Ratti, and Isaie Maquignaz, and led the crux at 8a.","possible OCR: minor article, date formatting, and diacritic/name correction","However, the route was not climbed free; that had to wait until 8 July when Bordella returned with Cazzanelli, Ratti, and Isäe Maquignaz, and led the crux at 8 am."
2237,The others freed the remaining pitches before rappelling the Gabarrou-Long.,no significant OCR errors detected,The others freed the remaining pitches before rappelling the Gabarrou-Long.
2240,"However, she decided there was time on the Friday to climb the Ratti-Vitali route on the west face of the Aiguille Noire de Peuterey with Lorenzo Pernigotti, make the 22-rappel descent, and be back in time for work before leaving early next morning with Gheza, with whom she had not climbed before.",possible OCR: no significant OCR errors detected,"However, she decided there was time on the Friday to climb the Ratti-Vitali route on the west face of the Aiguille Noire de Peuterey with Lorenzo Pernigotti, make the 22-rappel descent, and be back in time for work before leaving early next morning with Gheza, with whom she had not climbed before."
2247,(Antonio Giani) the alarm rang at 3am on Saturday and the two reached the foot of the Red Pillar four and a half hours later.,possible OCR: punctuation and spacing corruption,"(Antonio Giani), the alarm rang at 3 am on Saturday and the two reached the foot of the Red Pillar four and a half hours later."
2249,By 4.30pm they were rappelling from the top of the route.,possible OCR: minor spacing and formatting inconsistency in time notation,By 4.30 pm they were rappelling from the top of the route.
2250,"It would be normal to climb on this pillar after a night at the Eccles bivouac hut, but both parties made their free ascents in a day from the Monzino.",possible OCR: minor capitalization inconsistencies in proper nouns,"It would be normal to climb on this pillar after a night at the Eccles Bivouac Hut, but both parties made their free ascents in a day from the Monzino."
2261,"He had made a new route on Aguja Standhardt in Patagonia, repeated Divine Providence on the Grand Pilier d'Angle, Grouch()",possible OCR: incomplete truncation and punctuation corruption,"He had made a new route on Aguja Standhardt in Patagonia, repeated Divine Providence on the Grand Pilier d’Angle, Grouch()."
2266,"Widely reported as a first ascent, a line on the west face of the Aiguille du Plan was climbed on 21 and 22 February by Slovaks Ondrej Huserka and Evka Milovska, and named Mystery (600m, 15 pitches, M8, Cl, 85').",possible OCR: minor typographic and notation inconsistencies in climbing grades and symbols,"Widely reported as a first ascent, a line on the west face of the Aiguille du Plan was climbed on 21 and 22 February by Slovaks Ondrej Huserka and Evka Milovská, and named Mystery (600 m, 15 pitches, M8, C1, 85°)."
2271,"In a remarkable 17 hours on 31 July, Filip Babicz made only the second known ascent of the Complete Peuterey Ridge.",no significant OCR errors detected,"In a remarkable 17 hours on 31 July, Filip Babicz made only the second known ascent of the Complete Peuterey Ridge."
2272,"Climbed netween 11-13 July 1973 by Germans Gottlieb Braun-Ewert and Rudi Kirmeier, this involves starting in the Val Veni, traversing Monte Rouge de Peuterey via the 1,200m southsouthwest and north ridges, then across the col des Chasseurs to reach the south ridge of the Aiguille Noire.","possible OCR: hyphen/spacing corruption, minor capitalization inconsistencies, and place-name formatting errors","Climbed between 11–13 July 1973 by Germans Gottlieb Braun-Ewert and Rudi Kirmeier, this involves starting in the Val Veny, traversing Monte Rouge de Peuterey via the 1,200 m south-southwest and north ridges, then across the Col des Chasseurs to reach the south ridge of the Aiguille Noire."
2276,---Page 7 ---222 THE ALPINE JOURNAL 2021 The southeast flanks of the Aiguille Blanche de Peuterey and Peuterey ridge seen across the tormented Brenva glacier.,"possible OCR: formatting reconstruction, capitalization inconsistencies, and minor typographic cleanup",— Page 7 — 222 The Alpine Journal 2021 — The southeast flanks of the Aiguille Blanche de Peuterey and Peuterey ridge seen across the tormented Brenva Glacier.
2278,B. Aiguille Blanche de Peuterey.,no significant OCR errors detected,B. Aiguille Blanche de Peuterey.
2280,D. Grand Piller d'Angle.,possible OCR: letter substitution and spelling corruption,D. Grand Pilier d’Angle.
2285,"East Face of the Aiguille Blanche de Peuterey (1893, 1300m, graded AD  but likely harder today).",possible OCR: minor formatting and spacing inconsistencies,"East Face of the Aiguille Blanche de Peuterey (1893, 1300 m, graded AD but likely harder today)."
2287,"Exactly a month later, he returned to the Aiguille Noire and set a record time for an ascent of the classic South Ridge.",possible OCR: minor capitalization inconsistency,"Exactly a month later, he returned to the Aiguille Noire and set a record time for an ascent of the classic south ridge."
2293,"So it was for Sagzahn Verschneidung, the great corner system between the 3,227m Sagwand and the 3,410m Schrammacher in the Valsertal of the Austrian Zillertal Alps.",possible OCR: minor spacing and formatting inconsistencies in metric notation,"So it was for Sagzahn Verschneidung, the great corner system between the 3,227 m Sagwand and the 3,410 m Schrammacher in the Valsertal of the Austrian Zillertal Alps."